site|baseline_median_speed|offpeak_volume
10|97.5|886304
101|97.5|584248
102|97.5|520568
103|97.5|312727
104|97.5|287426
105|97.5|1547069
106|97.5|1590824
107|92.5|2234052
108|97.5|1905990
109|97.5|1135586
11|97.5|994447
110|97.5|1738678
111|97.5|1057058
112|97.5|2109998
113|92.5|1415568
114|97.5|1901655
116|87.5|824016
117|82.5|1210720
118|82.5|1050215
119|82.5|1049088
12|97.5|1831616
120|82.5|1211118
121|77.5|1210741
122|77.5|1643188
123|77.5|1579495
124|82.5|1636884
125|82.5|1640133
126|82.5|1572872
127|82.5|1779227
128|82.5|1700769
129|82.5|1555142
13|97.5|2092854
130|82.5|1633583
131|87.5|1469888
132|92.5|1482386
133|82.5|1358935
134|97.5|1145445
135|87.5|1098801
136|97.5|920121
137|82.5|1698560
138|92.5|1131546
139|82.5|1910070
14|97.5|1791870
140|92.5|906843
141|82.5|1919632
142|97.5|1725976
143|97.5|1881784
144|97.5|2110347
145|92.5|2428576
146|97.5|2111164
147|97.5|2428511
148|97.5|2105185
149|97.5|2433341
15|97.5|1749529
151|82.5|77644
153|92.5|106281
155|82.5|1105764
156|77.5|1193794
157|77.5|1478019
158|82.5|1666594
159|77.5|42625
16|97.5|2185724
160|82.5|1146463
161|77.5|937067
162|87.5|200130
163|97.5|459040
166|97.5|2285742
167|97.5|2633142
168|97.5|1602395
169|92.5|2529599
17|97.5|2527191
170|97.5|2170119
171|92.5|2471213
172|97.5|2263763
173|97.5|2651301
174|97.5|1862229
175|97.5|2372403
176|97.5|2046618
177|97.5|2374344
178|92.5|2170779
179|97.5|2497640
18|97.5|2176374
180|97.5|1891790
181|97.5|2193474
182|97.5|1890201
183|97.5|2196012
184|97.5|1889605
185|97.5|2197631
186|97.5|2124191
187|97.5|2500572
188|97.5|2122046
189|97.5|2502922
19|97.5|1583110
190|97.5|1943314
191|97.5|2226450
192|97.5|2399770
193|97.5|1861845
194|97.5|2150492
195|97.5|2059600
196|97.5|2422801
197|97.5|1957912
198|97.5|1809257
199|97.5|1958784
2|97.5|1592811
20|97.5|1793537
200|97.5|1820223
202|97.5|1821135
203|97.5|1821772
204|97.5|1393109
21|97.5|2250554
213|97.5|763987
214|97.5|821429
215|97.5|1043722
216|97.5|1084910
217|97.5|1075596
219|97.5|954719
22|97.5|2014119
220|102.5|961488
221|97.5|962493
222|97.5|2420620
223|92.5|1474459
225|97.5|1523677
226|97.5|1403519
227|97.5|425751
229|97.5|1868988
23|97.5|2271347
230|97.5|580415
231|97.5|898068
233|97.5|1088867
234|97.5|1052403
236|97.5|832314
239|97.5|1061108
24|97.5|2318780
240|97.5|1088090
241|57.5|385931
242|57.5|335843
243|62.5|527480
244|62.5|425264
245|77.5|768694
246|72.5|819515
247|52.5|841060
248|52.5|686964
249|57.5|343374
25|97.5|2603938
250|57.5|290825
251|72.5|483685
252|72.5|600931
253|62.5|684477
254|62.5|531329
255|72.5|202277
256|72.5|185386
257|67.5|412641
258|67.5|475945
259|62.5|304079
26|97.5|2302627
260|62.5|246736
261|67.5|88914
262|67.5|111518
263|57.5|140681
264|62.5|188068
265|97.5|961871
266|97.5|805398
267|97.5|1090127
268|97.5|1020255
269|97.5|1091450
27|92.5|2002249
270|97.5|1028302
273|97.5|1028401
276|97.5|966524
279|97.5|986223
28|97.5|1441914
280|97.5|1626859
281|97.5|1695241
282|97.5|1494365
283|97.5|1520238
287|97.5|1449692
288|92.5|2000317
289|92.5|1993123
29|97.5|738942
292|97.5|2051520
293|97.5|1888707
3|97.5|2015043
30|97.5|1441974
306|97.5|1100071
309|97.5|1721571
31|97.5|1177673
310|97.5|1979608
311|97.5|2054388
312|97.5|1526322
313|102.5|835905
314|97.5|819380
315|97.5|955257
316|97.5|942201
317|97.5|953356
318|97.5|873368
319|97.5|871385
32|97.5|1712104
320|97.5|793351
321|97.5|839091
322|97.5|884711
323|97.5|1679268
324|97.5|1678243
325|97.5|1495733
326|92.5|1487409
327|92.5|1560249
328|87.5|1847378
33|97.5|1553772
330|92.5|2195925
331|97.5|1943841
332|97.5|2142893
333|97.5|2206697
334|97.5|2209057
335|97.5|2156071
336|97.5|1851795
337|97.5|551989
338|97.5|488448
339|97.5|584623
34|97.5|1566598
340|97.5|520312
35|97.5|1473920
36|97.5|1567967
39|97.5|1481849
4|97.5|1573148
40|92.5|1709149
41|97.5|1596206
42|97.5|1547396
43|97.5|1554254
44|97.5|1548026
45|97.5|1589059
46|97.5|1532580
47|97.5|1594372
48|97.5|1292061
49|97.5|1212864
5|97.5|1999491
50|97.5|1295612
504|77.5|1316650
505|72.5|2486528
51|97.5|1343770
52|97.5|1423806
53|97.5|1533271
530|97.5|757416
531|97.5|663023
54|97.5|1264481
55|97.5|1324453
555|107.5|247531
556|107.5|223833
56|97.5|1265486
563|92.5|745066
564|97.5|756568
565|92.5|1401745
566|92.5|1404046
567|92.5|1794034
568|87.5|650965
569|97.5|39926
57|97.5|1302377
570|97.5|51916
58|97.5|1160107
580|97.5|2635602
581|92.5|2257963
59|92.5|1509918
6|97.5|1982249
60|97.5|693774
61|97.5|1365276
62|97.5|1303331
63|92.5|1519374
64|97.5|59608
65|82.5|993891
66|87.5|923108
67|87.5|724246
68|92.5|1118913
69|92.5|14655
7|97.5|2223376
70|92.5|1121602
71|97.5|1261973
72|92.5|1108576
73|97.5|1140814
74|97.5|1110928
75|97.5|1265159
76|97.5|812844
77|97.5|491594
8|97.5|1991319
82|97.5|1046735
83|97.5|932683
84|97.5|969877
85|97.5|1044673
86|97.5|881520
87|97.5|925595
89|97.5|925491
9|97.5|2233278
90|97.5|963911
91|97.5|692650
92|97.5|657680
93|97.5|747419
94|97.5|742413
96|97.5|746622
98|102.5|210693
99|97.5|458724
